id,text,source
1,"The mobile app crashes every time I try to make a payment. I have been charged twice and support has not replied.",support_ticket
2,"Fast delivery and excellent packaging. The replacement filter works perfectly in my AirMax purifier.",product_review
3,"I love the product, but the battery life is disappointing and the warranty process is confusing.",product_review
4,"My order from Toronto arrived two days early. The courier was professional and the tracking updates were helpful.",support_ticket
5,"The dashboard is slow after the latest update, especially when exporting a monthly report.",support_ticket
6,"Customer service solved my login issue in under five minutes. Very impressed with the response time.",support_ticket
7,"The headphones sound great, but the left earbud stopped working after one week.",product_review
8,"Please cancel my subscription. I could not find the cancellation option in the account settings.",support_ticket

